Equipo Local,Goles,Ataque,Medio,Defensa,Goles_Acumulados,Equipo Visitante,Goles,Ataque,Medio,Defensa,Goles_Acumulados,Día,Hora,Jornada,Resultado
Málaga,0,75,76,75,0,Sevilla,0,79,80,80,0,21/08/2015,20:30,1,1
Deportivo de La Coruña,0,79,74,74,0,Real Sociedad,0,77,77,76,0,22/08/2015,18:30,1,1
Espanyol,1,76,75,74,0,Getafe,0,73,75,74,0,22/08/2015,18:30,1,2
Atlético de Madrid,1,81,80,81,0,Las Palmas,0,73,71,70,0,22/08/2015,20:30,1,2
Rayo Vallecano,0,75,75,74,0,Valencia,0,79,80,79,0,22/08/2015,22:30,1,1
Athletic Club,0,78,78,78,0,Barcelona,1,91,85,82,0,23/08/2015,18:30,1,0
Sporting de Gijón,0,73,74,73,0,Real Madrid,0,86,86,83,0,23/08/2015,20:30,1,1
Levante,1,76,75,73,0,Celta de Vigo,2,77,76,76,0,23/08/2015,22:00,1,0
Betis,1,77,75,75,0,Villarreal,1,79,79,79,0,23/08/2015,22:30,1,1
Granada,1,73,73,74,0,Eibar,3,74,73,72,0,24/08/2015,20:30,1,0
Villarreal,3,79,79,79,1,Espanyol,1,76,75,74,1,28/08/2015,20:30,2,2
Real Sociedad,0,77,77,76,0,Sporting de Gijón,0,73,74,73,0,29/08/2015,18:30,2,1
Barcelona,1,91,85,82,1,Málaga,0,75,76,75,0,29/08/2015,20:30,2,2
Celta de Vigo,3,77,76,76,2,Rayo Vallecano,0,75,75,74,0,29/08/2015,22:00,2,2
Real Madrid,5,86,86,83,0,Betis,0,77,75,75,1,29/08/2015,22:30,2,2
Eibar,2,74,73,72,3,Athletic Club,0,78,78,78,0,30/08/2015,18:30,2,2
Valencia,1,79,80,79,0,Deportivo de La Coruña,1,79,74,74,0,30/08/2015,20:30,2,1
Sevilla,0,79,80,80,0,Atlético de Madrid,3,81,80,81,1,30/08/2015,20:30,2,0
Las Palmas,0,73,71,70,0,Levante,0,76,75,73,1,30/08/2015,22:30,2,1
Getafe,1,73,75,74,0,Granada,2,73,73,74,1,30/08/2015,22:30,2,0
Levante,1,76,75,73,1,Sevilla,1,79,80,80,0,11/09/2015,20:30,3,1
Espanyol,0,76,75,74,2,Real Madrid,6,86,86,83,5,12/09/2015,16:00,3,0
Sporting de Gijón,0,73,74,73,0,Valencia,1,79,80,79,1,12/09/2015,18:15,3,0
Atlético de Madrid,1,81,80,81,4,Barcelona,2,91,85,82,2,12/09/2015,20:30,3,0
Betis,1,77,75,75,1,Real Sociedad,0,77,77,76,0,12/09/2015,22:00,3,2
Granada,1,73,73,74,3,Villarreal,3,79,79,79,4,13/09/2015,12:00,3,0
Athletic Club,3,78,78,78,0,Getafe,1,73,75,74,1,13/09/2015,16:00,3,2
Celta de Vigo,3,77,76,76,5,Las Palmas,3,73,71,70,0,13/09/2015,18:15,3,1
Málaga,0,75,76,75,0,Eibar,0,74,73,72,5,13/09/2015,20:30,3,1
Rayo Vallecano,1,75,75,74,0,Deportivo de La Coruña,3,79,74,74,1,14/09/2015,20:30,3,0
Getafe,1,73,75,74,2,Málaga,0,75,76,75,0,18/09/2015,20:30,4,2
Real Madrid,1,86,86,83,11,Granada,0,73,73,74,4,19/09/2015,16:00,4,2
Valencia,0,79,80,79,2,Betis,0,77,75,75,2,19/09/2015,18:15,4,1
Eibar,0,74,73,72,5,Atlético de Madrid,2,81,80,81,5,19/09/2015,20:30,4,0
Real Sociedad,2,77,77,76,0,Espanyol,3,76,75,74,2,19/09/2015,22:00,4,0
Sevilla,1,79,80,80,1,Celta de Vigo,2,77,76,76,8,20/09/2015,12:00,4,0
Deportivo de La Coruña,2,79,74,74,4,Sporting de Gijón,3,73,74,73,0,20/09/2015,16:00,4,0
Villarreal,3,79,79,79,7,Athletic Club,1,78,78,78,3,20/09/2015,18:15,4,2
Barcelona,4,91,85,82,4,Levante,1,76,75,73,2,20/09/2015,20:30,4,2
Las Palmas,0,73,71,70,3,Rayo Vallecano,1,75,75,74,1,20/09/2015,20:30,4,0
Espanyol,1,76,75,74,5,Valencia,0,79,80,79,2,22/09/2015,20:00,5,2
Atlético de Madrid,2,81,80,81,7,Getafe,0,73,75,74,3,22/09/2015,20:00,5,2
Granada,0,73,73,74,4,Real Sociedad,3,77,77,76,2,22/09/2015,22:00,5,0
Levante,2,76,75,73,3,Eibar,2,74,73,72,5,23/09/2015,20:00,5,1
Celta de Vigo,4,77,76,76,10,Barcelona,1,91,85,82,8,23/09/2015,20:00,5,2
Rayo Vallecano,2,75,75,74,2,Sporting de Gijón,1,73,74,73,3,23/09/2015,20:00,5,2
Athletic Club,1,78,78,78,4,Real Madrid,2,86,86,83,12,23/09/2015,21:00,5,0
Málaga,0,75,76,75,0,Villarreal,1,79,79,79,10,23/09/2015,22:00,5,0
Las Palmas,2,73,71,70,3,Sevilla,0,79,80,80,2,23/09/2015,22:00,5,2
Betis,1,77,75,75,2,Deportivo de La Coruña,2,79,74,74,6,24/09/2015,22:05,5,0
Valencia,1,79,80,79,2,Granada,0,73,73,74,4,25/09/2015,20:30,6,2
Barcelona,2,91,85,82,9,Las Palmas,1,73,71,70,5,26/09/2015,16:00,6,2
Real Madrid,0,86,86,83,14,Málaga,0,75,76,75,0,26/09/2015,18:15,6,1
Villarreal,1,79,79,79,11,Atlético de Madrid,0,81,80,81,9,26/09/2015,20:30,6,2
Sevilla,3,79,80,80,2,Rayo Vallecano,2,75,75,74,4,26/09/2015,20:30,6,2
Eibar,1,74,73,72,7,Celta de Vigo,1,77,76,76,14,26/09/2015,22:00,6,1
Sporting de Gijón,1,73,74,73,4,Betis,2,77,75,75,3,27/09/2015,12:00,6,0
Deportivo de La Coruña,3,79,74,74,8,Espanyol,0,76,75,74,6,27/09/2015,16:00,6,2
Getafe,3,73,75,74,3,Levante,0,76,75,73,5,27/09/2015,18:15,6,2
Real Sociedad,0,77,77,76,5,Athletic Club,0,78,78,78,5,27/09/2015,20:30,6,1
Celta de Vigo,0,77,76,76,15,Getafe,0,73,75,74,6,02/10/2015,20:30,7,1
Sevilla,2,79,80,80,5,Barcelona,1,91,85,82,11,03/10/2015,16:00,7,2
Granada,1,73,73,74,4,Deportivo de La Coruña,1,79,74,74,11,03/10/2015,18:15,7,1
Espanyol,1,76,75,74,6,Sporting de Gijón,2,73,74,73,5,03/10/2015,20:30,7,0
Las Palmas,0,73,71,70,6,Eibar,2,74,73,72,8,03/10/2015,22:00,7,0
Málaga,3,75,76,75,0,Real Sociedad,1,77,77,76,5,03/10/2015,22:05,7,2
Rayo Vallecano,0,75,75,74,6,Betis,2,77,75,75,5,04/10/2015,12:00,7,0
Athletic Club,3,78,78,78,5,Valencia,1,79,80,79,3,04/10/2015,16:00,7,2
Levante,1,76,75,73,5,Villarreal,0,79,79,79,12,04/10/2015,18:15,7,2
Atlético de Madrid,1,81,80,81,9,Real Madrid,1,86,86,83,14,04/10/2015,20:30,7,1
Real Madrid,3,86,86,83,15,Levante,0,76,75,73,6,17/10/2015,16:00,8,2
Eibar,1,74,73,72,10,Sevilla,1,79,80,80,7,17/10/2015,18:15,8,1
Barcelona,5,91,85,82,12,Rayo Vallecano,2,75,75,74,6,17/10/2015,20:30,8,2
Valencia,3,79,80,79,4,Málaga,0,75,76,75,3,17/10/2015,22:00,8,2
Betis,1,77,75,75,7,Espanyol,3,76,75,74,7,17/10/2015,22:05,8,0
Villarreal,1,79,79,79,12,Celta de Vigo,2,77,76,76,15,18/10/2015,12:00,8,0
Real Sociedad,0,77,77,76,6,Atlético de Madrid,2,81,80,81,10,18/10/2015,16:00,8,0
Getafe,4,73,75,74,6,Las Palmas,0,73,71,70,6,18/10/2015,18:15,8,2
Deportivo de La Coruña,2,79,74,74,12,Athletic Club,2,78,78,78,8,18/10/2015,20:30,8,1
Sporting de Gijón,3,73,74,73,7,Granada,3,73,73,74,5,19/10/2015,20:30,8,1
Rayo Vallecano,3,75,75,74,8,Espanyol,0,76,75,74,10,23/10/2015,20:30,9,2
Celta de Vigo,1,77,76,76,17,Real Madrid,3,86,86,83,18,24/10/2015,16:00,9,0
Granada,1,73,73,74,8,Betis,1,77,75,75,8,24/10/2015,18:15,9,1
Sevilla,5,79,80,80,8,Getafe,0,73,75,74,10,24/10/2015,20:30,9,2
Málaga,2,75,76,75,3,Deportivo de La Coruña,0,79,74,74,14,24/10/2015,22:05,9,2
Levante,0,76,75,73,6,Real Sociedad,4,77,77,76,6,25/10/2015,12:00,9,0
Las Palmas,0,73,71,70,6,Villarreal,0,79,79,79,13,25/10/2015,16:00,9,1
Barcelona,3,91,85,82,17,Eibar,1,74,73,72,11,25/10/2015,18:15,9,2
Atlético de Madrid,2,81,80,81,12,Valencia,1,79,80,79,7,25/10/2015,20:30,9,2
Athletic Club,3,78,78,78,10,Sporting de Gijón,0,73,74,73,10,26/10/2015,20:30,9,2
Deportivo de La Coruña,1,79,74,74,14,Atlético de Madrid,1,81,80,81,14,30/10/2015,20:30,10,1
Real Madrid,3,86,86,83,21,Las Palmas,1,73,71,70,6,31/10/2015,16:00,10,2
Valencia,3,79,80,79,8,Levante,0,76,75,73,6,31/10/2015,18:15,10,2
Villarreal,2,79,79,79,13,Sevilla,1,79,80,80,13,31/10/2015,18:15,10,2
Getafe,0,73,75,74,10,Barcelona,2,91,85,82,20,31/10/2015,20:30,10,0
Real Sociedad,2,77,77,76,10,Celta de Vigo,3,77,76,76,18,31/10/2015,22:05,10,0
Eibar,1,74,73,72,12,Rayo Vallecano,0,75,75,74,11,01/11/2015,12:00,10,2
Espanyol,1,76,75,74,10,Granada,1,73,73,74,9,01/11/2015,16:00,10,1
Sporting de Gijón,1,73,74,73,10,Málaga,0,75,76,75,5,01/11/2015,18:15,10,2
Betis,1,77,75,75,9,Athletic Club,3,78,78,78,13,01/11/2015,20:30,10,0
Las Palmas,2,73,71,70,7,Real Sociedad,0,77,77,76,12,06/11/2015,20:30,11,2
Celta de Vigo,1,77,76,76,21,Valencia,5,79,80,79,11,07/11/2015,16:00,11,0
Levante,1,76,75,73,6,Deportivo de La Coruña,1,79,74,74,15,07/11/2015,18:15,11,1
Eibar,3,74,73,72,13,Getafe,1,73,75,74,10,07/11/2015,20:30,11,2
Rayo Vallecano,2,75,75,74,11,Granada,1,73,73,74,10,07/11/2015,20:30,11,2
Málaga,0,75,76,75,5,Betis,1,77,75,75,10,07/11/2015,22:05,11,0
Athletic Club,2,78,78,78,16,Espanyol,1,76,75,74,11,08/11/2015,12:00,11,2
Barcelona,3,91,85,82,22,Villarreal,0,79,79,79,15,08/11/2015,16:00,11,2
Atlético de Madrid,1,81,80,81,15,Sporting de Gijón,0,73,74,73,11,08/11/2015,18:15,11,2
Sevilla,3,79,80,80,14,Real Madrid,2,86,86,83,24,08/11/2015,20:30,11,2
Real Sociedad,2,77,77,76,12,Sevilla,0,79,80,80,17,21/11/2015,16:00,12,2
Real Madrid,0,86,86,83,26,Barcelona,4,91,85,82,25,21/11/2015,18:15,12,0
Espanyol,2,76,75,74,12,Málaga,0,75,76,75,5,21/11/2015,20:30,12,2
Valencia,1,79,80,79,16,Las Palmas,1,73,71,70,9,21/11/2015,22:00,12,1
Deportivo de La Coruña,2,79,74,74,16,Celta de Vigo,0,77,76,76,22,21/11/2015,22:05,12,2
Sporting de Gijón,0,73,74,73,11,Levante,3,76,75,73,7,22/11/2015,12:00,12,0
Villarreal,1,79,79,79,15,Eibar,1,74,73,72,16,22/11/2015,16:00,12,1
Granada,2,73,73,74,11,Athletic Club,0,78,78,78,18,22/11/2015,18:15,12,2
Betis,0,77,75,75,11,Atlético de Madrid,1,81,80,81,16,22/11/2015,20:30,12,0
Getafe,1,73,75,74,11,Rayo Vallecano,1,75,75,74,13,23/11/2015,20:30,12,1
Levante,0,76,75,73,10,Betis,1,77,75,75,11,27/11/2015,20:30,13,0
Barcelona,4,91,85,82,29,Real Sociedad,0,77,77,76,14,28/11/2015,16:00,13,2
Atlético de Madrid,1,81,80,81,17,Espanyol,0,76,75,74,14,28/11/2015,18:15,13,2
Málaga,2,75,76,75,5,Granada,2,73,73,74,13,28/11/2015,20:30,13,1
Las Palmas,0,73,71,70,10,Deportivo de La Coruña,2,79,74,74,18,28/11/2015,22:00,13,0
Celta de Vigo,2,77,76,76,22,Sporting de Gijón,1,73,74,73,11,28/11/2015,22:05,13,2
Getafe,2,73,75,74,12,Villarreal,0,79,79,79,16,29/11/2015,12:00,13,2
Eibar,0,74,73,72,17,Real Madrid,2,86,86,83,26,29/11/2015,16:00,13,0
Rayo Vallecano,0,75,75,74,14,Athletic Club,3,78,78,78,18,29/11/2015,18:15,13,0
Sevilla,1,79,80,80,17,Valencia,0,79,80,79,17,29/11/2015,20:30,13,2
Real Madrid,4,86,86,83,28,Getafe,1,73,75,74,14,05/12/2015,16:00,14,2
Granada,0,73,73,74,15,Atlético de Madrid,2,81,80,81,18,05/12/2015,18:15,14,0
Valencia,1,79,80,79,17,Barcelona,1,91,85,82,33,05/12/2015,20:30,14,1
Deportivo de La Coruña,1,79,74,74,20,Sevilla,1,79,80,80,18,05/12/2015,22:00,14,1
Betis,1,77,75,75,12,Celta de Vigo,1,77,76,76,24,05/12/2015,22:05,14,1
Real Sociedad,2,77,77,76,14,Eibar,1,74,73,72,17,06/12/2015,12:00,14,2
Villarreal,2,79,79,79,16,Rayo Vallecano,1,75,75,74,14,06/12/2015,16:00,14,2
Sporting de Gijón,3,73,74,73,12,Las Palmas,1,73,71,70,10,06/12/2015,18:15,14,2
Athletic Club,0,78,78,78,21,Málaga,0,75,76,75,7,06/12/2015,20:30,14,1
Espanyol,1,76,75,74,14,Levante,1,76,75,73,10,07/12/2015,20:30,14,1
Getafe,1,73,75,74,15,Real Sociedad,1,77,77,76,16,11/12/2015,20:30,15,1
Barcelona,2,91,85,82,34,Deportivo de La Coruña,2,79,74,74,21,12/12/2015,16:00,15,1
Levante,1,76,75,73,11,Granada,2,73,73,74,15,12/12/2015,18:15,15,0
Celta de Vigo,1,77,76,76,25,Espanyol,0,76,75,74,15,12/12/2015,18:15,15,2
Sevilla,2,79,80,80,19,Sporting de Gijón,0,73,74,73,15,12/12/2015,20:30,15,2
Las Palmas,1,73,71,70,11,Betis,0,77,75,75,13,12/12/2015,22:05,15,2
Rayo Vallecano,1,75,75,74,15,Málaga,2,75,76,75,7,13/12/2015,12:00,15,0
Eibar,1,74,73,72,18,Valencia,1,79,80,79,18,13/12/2015,16:00,15,1
Atlético de Madrid,2,81,80,81,20,Athletic Club,1,78,78,78,21,13/12/2015,18:15,15,2
Villarreal,1,79,79,79,18,Real Madrid,0,86,86,83,32,13/12/2015,20:30,15,2
Valencia,2,79,80,79,19,Getafe,2,73,75,74,16,19/12/2015,16:00,16,1
Espanyol,1,76,75,74,15,Las Palmas,0,73,71,70,12,19/12/2015,18:15,16,2
Betis,0,77,75,75,13,Sevilla,0,79,80,80,21,19/12/2015,20:30,16,1
Deportivo de La Coruña,2,79,74,74,23,Eibar,0,74,73,72,19,19/12/2015,22:05,16,2
Real Madrid,1,86,86,83,32,Rayo Vallecano,0,75,75,74,16,20/12/2015,16:00,16,2
Real Sociedad,0,77,77,76,17,Villarreal,2,79,79,79,19,20/12/2015,18:15,16,0
Athletic Club,2,78,78,78,22,Levante,0,76,75,73,12,20/12/2015,18:15,16,2
Granada,0,73,73,74,17,Celta de Vigo,2,77,76,76,26,20/12/2015,18:15,16,0
Málaga,1,75,76,75,9,Atlético de Madrid,0,81,80,81,22,20/12/2015,20:30,16,2
Sporting de Gijón,1,73,74,73,15,Barcelona,3,91,85,82,36,17/02/2016,18:30,16,0
Levante,0,76,75,73,12,Málaga,1,75,76,75,10,30/12/2015,16:00,17,0
Real Madrid,3,86,86,83,33,Real Sociedad,1,77,77,76,17,30/12/2015,16:00,17,2
Rayo Vallecano,0,75,75,74,16,Atlético de Madrid,2,81,80,81,22,30/12/2015,18:15,17,0
Sevilla,2,79,80,80,21,Espanyol,0,76,75,74,16,30/12/2015,18:15,17,2
Eibar,2,74,73,72,19,Sporting de Gijón,0,73,74,73,16,30/12/2015,18:15,17,2
Barcelona,4,91,85,82,39,Betis,0,77,75,75,13,30/12/2015,20:30,17,2
Celta de Vigo,0,77,76,76,28,Athletic Club,1,78,78,78,24,30/12/2015,20:30,17,0
Getafe,0,73,75,74,18,Deportivo de La Coruña,0,79,74,74,25,30/12/2015,20:30,17,1
Las Palmas,4,73,71,70,12,Granada,1,73,73,74,17,30/12/2015,21:00,17,2
Villarreal,1,79,79,79,21,Valencia,0,79,80,79,21,31/12/2015,16:00,17,2
Espanyol,0,76,75,74,16,Barcelona,0,91,85,82,43,02/01/2016,16:00,18,1
Atlético de Madrid,1,81,80,81,24,Levante,0,76,75,73,12,02/01/2016,20:30,18,2
Málaga,2,75,76,75,11,Celta de Vigo,0,77,76,76,28,02/01/2016,22:05,18,2
Rayo Vallecano,2,75,75,74,16,Real Sociedad,2,77,77,76,18,03/01/2016,12:00,18,1
Betis,0,77,75,75,13,Eibar,4,74,73,72,21,03/01/2016,16:00,18,0
Granada,2,73,73,74,18,Sevilla,1,79,80,80,23,03/01/2016,16:00,18,2
Deportivo de La Coruña,1,79,74,74,25,Villarreal,2,79,79,79,22,03/01/2016,18:15,18,0
Athletic Club,2,78,78,78,25,Las Palmas,2,73,71,70,16,03/01/2016,18:15,18,1
Valencia,2,79,80,79,21,Real Madrid,2,86,86,83,36,03/01/2016,20:30,18,1
Sporting de Gijón,1,73,74,73,16,Getafe,2,73,75,74,18,04/01/2016,20:30,18,0
Barcelona,4,91,85,82,43,Granada,0,73,73,74,20,09/01/2016,16:00,19,2
Getafe,1,73,75,74,20,Betis,0,77,75,75,13,09/01/2016,18:15,19,2
Sevilla,2,79,80,80,24,Athletic Club,0,78,78,78,27,09/01/2016,18:15,19,2
Real Madrid,5,86,86,83,38,Deportivo de La Coruña,0,79,74,74,26,09/01/2016,20:30,19,2
Levante,2,76,75,73,12,Rayo Vallecano,1,75,75,74,18,09/01/2016,22:05,19,2
Villarreal,2,79,79,79,24,Sporting de Gijón,0,73,74,73,17,10/01/2016,12:00,19,2
Real Sociedad,2,77,77,76,20,Valencia,0,79,80,79,23,10/01/2016,16:00,19,2
Eibar,2,74,73,72,25,Espanyol,1,76,75,74,16,10/01/2016,18:15,19,2
Las Palmas,1,73,71,70,18,Málaga,1,75,76,75,13,10/01/2016,18:15,19,1
Celta de Vigo,0,77,76,76,28,Atlético de Madrid,2,81,80,81,25,10/01/2016,20:30,19,0
Sevilla,2,79,80,80,26,Málaga,1,75,76,75,14,16/01/2016,16:00,20,2
Celta de Vigo,4,77,76,76,28,Levante,3,76,75,73,14,16/01/2016,18:15,20,2
Villarreal,0,79,79,79,26,Betis,0,77,75,75,13,16/01/2016,20:30,20,1
Real Sociedad,1,77,77,76,22,Deportivo de La Coruña,1,79,74,74,26,16/01/2016,22:05,20,1
Valencia,2,79,80,79,23,Rayo Vallecano,2,75,75,74,19,17/01/2016,12:00,20,1
Real Madrid,5,86,86,83,43,Sporting de Gijón,1,73,74,73,17,17/01/2016,16:00,20,2
Getafe,3,73,75,74,21,Espanyol,1,76,75,74,17,17/01/2016,18:15,20,2
Las Palmas,0,73,71,70,19,Atlético de Madrid,3,81,80,81,27,17/01/2016,18:15,20,0
Barcelona,6,91,85,82,47,Athletic Club,0,78,78,78,27,17/01/2016,20:30,20,2
Eibar,5,74,73,72,27,Granada,1,73,73,74,20,18/01/2016,20:30,20,2
Sporting de Gijón,5,73,74,73,18,Real Sociedad,1,77,77,76,23,22/01/2016,20:30,21,2
Málaga,1,75,76,75,15,Barcelona,2,91,85,82,53,23/01/2016,16:00,21,0
Espanyol,2,76,75,74,18,Villarreal,2,79,79,79,26,23/01/2016,18:15,21,1
Granada,3,73,73,74,21,Getafe,2,73,75,74,24,23/01/2016,20:30,21,2
Rayo Vallecano,3,75,75,74,21,Celta de Vigo,0,77,76,76,32,23/01/2016,22:05,21,2
Athletic Club,5,78,78,78,27,Eibar,2,74,73,72,32,24/01/2016,12:00,21,2
Atlético de Madrid,0,81,80,81,30,Sevilla,0,79,80,80,28,24/01/2016,16:00,21,1
Deportivo de La Coruña,1,79,74,74,27,Valencia,1,79,80,79,25,24/01/2016,18:15,21,1
Betis,1,77,75,75,13,Real Madrid,1,86,86,83,48,24/01/2016,20:30,21,1
Levante,3,76,75,73,17,Las Palmas,2,73,71,70,19,25/01/2016,20:30,21,2
Barcelona,2,91,85,82,55,Atlético de Madrid,1,81,80,81,30,30/01/2016,16:00,22,2
Eibar,1,74,73,72,34,Málaga,2,75,76,75,16,30/01/2016,18:15,22,0
Getafe,0,73,75,74,26,Athletic Club,1,78,78,78,32,30/01/2016,18:15,22,0
Villarreal,1,79,79,79,28,Granada,0,73,73,74,24,30/01/2016,20:30,22,2
Real Sociedad,2,77,77,76,24,Betis,1,77,75,75,14,30/01/2016,22:05,22,2
Sevilla,3,79,80,80,28,Levante,1,76,75,73,20,31/01/2016,12:00,22,2
Valencia,0,79,80,79,26,Sporting de Gijón,1,73,74,73,23,31/01/2016,16:00,22,0
Las Palmas,2,73,71,70,21,Celta de Vigo,1,77,76,76,32,31/01/2016,18:15,22,2
Real Madrid,6,86,86,83,49,Espanyol,0,76,75,74,20,31/01/2016,20:30,22,2
Deportivo de La Coruña,2,79,74,74,28,Rayo Vallecano,2,75,75,74,24,01/02/2016,20:30,22,1
Málaga,3,75,76,75,18,Getafe,0,73,75,74,26,05/02/2016,20:30,23,2
Atlético de Madrid,3,81,80,81,31,Eibar,1,74,73,72,35,06/02/2016,16:00,23,2
Rayo Vallecano,2,75,75,74,26,Las Palmas,0,73,71,70,23,06/02/2016,18:15,23,2
Athletic Club,0,78,78,78,33,Villarreal,0,79,79,79,29,06/02/2016,20:30,23,1
Sporting de Gijón,1,73,74,73,24,Deportivo de La Coruña,1,79,74,74,30,06/02/2016,22:05,23,1
Levante,0,76,75,73,21,Barcelona,2,91,85,82,57,07/02/2016,12:00,23,0
Betis,1,77,75,75,15,Valencia,0,79,80,79,26,07/02/2016,16:00,23,2
Celta de Vigo,1,77,76,76,33,Sevilla,1,79,80,80,31,07/02/2016,18:15,23,1
Granada,1,73,73,74,24,Real Madrid,2,86,86,83,55,07/02/2016,20:30,23,0
Espanyol,0,76,75,74,20,Real Sociedad,5,77,77,76,26,08/02/2016,20:30,23,0
Sporting de Gijón,2,73,74,73,25,Rayo Vallecano,2,75,75,74,28,12/02/2016,20:30,24,1
Real Madrid,4,86,86,83,57,Athletic Club,2,78,78,78,33,13/02/2016,16:00,24,2
Villarreal,1,79,79,79,29,Málaga,0,75,76,75,21,13/02/2016,18:15,24,2
Valencia,2,79,80,79,26,Espanyol,1,76,75,74,20,13/02/2016,20:30,24,2
Deportivo de La Coruña,2,79,74,74,31,Betis,2,77,75,75,16,13/02/2016,22:05,24,1
Real Sociedad,3,77,77,76,31,Granada,0,73,73,74,25,14/02/2016,12:00,24,2
Sevilla,2,79,80,80,32,Las Palmas,0,73,71,70,23,14/02/2016,16:00,24,2
Getafe,0,73,75,74,26,Atlético de Madrid,1,81,80,81,34,14/02/2016,18:15,24,0
Eibar,2,74,73,72,36,Levante,0,76,75,73,21,14/02/2016,18:15,24,2
Barcelona,6,91,85,82,59,Celta de Vigo,1,77,76,76,34,14/02/2016,20:30,24,2
Levante,3,76,75,73,21,Getafe,0,73,75,74,26,19/02/2016,20:30,25,2
Las Palmas,1,73,71,70,23,Barcelona,2,91,85,82,65,20/02/2016,16:00,25,0
Espanyol,1,76,75,74,21,Deportivo de La Coruña,0,79,74,74,33,20/02/2016,18:15,25,2
Betis,1,77,75,75,18,Sporting de Gijón,1,73,74,73,27,20/02/2016,20:30,25,1
Celta de Vigo,3,77,76,76,35,Eibar,2,74,73,72,38,20/02/2016,22:05,25,2
Rayo Vallecano,2,75,75,74,30,Sevilla,2,79,80,80,34,21/02/2016,12:00,25,1
Málaga,1,75,76,75,21,Real Madrid,1,86,86,83,61,21/02/2016,16:00,25,1
Athletic Club,0,78,78,78,35,Real Sociedad,1,77,77,76,34,21/02/2016,18:15,25,0
Granada,1,73,73,74,25,Valencia,2,79,80,79,28,21/02/2016,18:15,25,0
Atlético de Madrid,0,81,80,81,35,Villarreal,0,79,79,79,30,21/02/2016,20:30,25,1
Eibar,0,74,73,72,40,Las Palmas,1,73,71,70,24,26/02/2016,20:30,26,0
Real Madrid,0,86,86,83,62,Atlético de Madrid,1,81,80,81,35,27/02/2016,16:00,26,0
Sporting de Gijón,2,73,74,73,28,Espanyol,4,76,75,74,22,27/02/2016,18:15,26,0
Getafe,0,73,75,74,26,Celta de Vigo,1,77,76,76,38,27/02/2016,18:15,26,0
Betis,2,77,75,75,19,Rayo Vallecano,2,75,75,74,32,27/02/2016,20:30,26,1
Real Sociedad,1,77,77,76,35,Málaga,1,75,76,75,22,27/02/2016,22:05,26,1
Villarreal,3,79,79,79,30,Levante,0,76,75,73,24,28/02/2016,12:00,26,2
Valencia,0,79,80,79,30,Athletic Club,3,78,78,78,35,28/02/2016,16:00,26,0
Deportivo de La Coruña,0,79,74,74,33,Granada,1,73,73,74,26,28/02/2016,18:15,26,0
Barcelona,2,91,85,82,67,Sevilla,1,79,80,80,36,28/02/2016,20:30,26,2
Atlético de Madrid,3,81,80,81,36,Real Sociedad,0,77,77,76,36,01/03/2016,21:00,27,2
Las Palmas,4,73,71,70,25,Getafe,0,73,75,74,26,01/03/2016,22:00,27,2
Athletic Club,4,78,78,78,38,Deportivo de La Coruña,1,79,74,74,33,02/03/2016,20:00,27,2
Sevilla,1,79,80,80,37,Eibar,0,74,73,72,40,02/03/2016,20:00,27,2
Celta de Vigo,0,77,76,76,39,Villarreal,0,79,79,79,33,02/03/2016,20:00,27,1
Málaga,1,75,76,75,23,Valencia,2,79,80,79,30,02/03/2016,20:00,27,0
Levante,1,76,75,73,24,Real Madrid,3,86,86,83,62,02/03/2016,21:00,27,0
Granada,2,73,73,74,27,Sporting de Gijón,0,73,74,73,30,03/03/2016,20:00,27,2
Espanyol,0,76,75,74,26,Betis,3,77,75,75,21,03/03/2016,20:30,27,0
Rayo Vallecano,1,75,75,74,34,Barcelona,5,91,85,82,69,03/03/2016,21:00,27,0
Real Madrid,7,86,86,83,65,Celta de Vigo,1,77,76,76,39,05/03/2016,16:00,28,2
Villarreal,0,79,79,79,33,Las Palmas,1,73,71,70,29,05/03/2016,18:15,28,0
Getafe,1,73,75,74,26,Sevilla,1,79,80,80,38,05/03/2016,20:30,28,1
Deportivo de La Coruña,3,79,74,74,34,Málaga,3,75,76,75,24,05/03/2016,22:00,28,1
Betis,2,77,75,75,24,Granada,0,73,73,74,29,06/03/2016,12:00,28,2
Eibar,0,74,73,72,40,Barcelona,4,91,85,82,74,06/03/2016,16:00,28,0
Real Sociedad,1,77,77,76,36,Levante,1,76,75,73,25,06/03/2016,18:15,28,1
Sporting de Gijón,0,73,74,73,30,Athletic Club,2,78,78,78,42,06/03/2016,18:15,28,0
Valencia,1,79,80,79,32,Atlético de Madrid,3,81,80,81,39,06/03/2016,20:30,28,0
Espanyol,2,76,75,74,26,Rayo Vallecano,1,75,75,74,35,07/03/2016,20:30,28,2
Málaga,1,75,76,75,27,Sporting de Gijón,0,73,74,73,30,11/03/2016,20:30,29,2
Barcelona,6,91,85,82,78,Getafe,0,73,75,74,27,12/03/2016,16:00,29,2
Celta de Vigo,1,77,76,76,40,Real Sociedad,0,77,77,76,37,12/03/2016,18:15,29,2
Atlético de Madrid,3,81,80,81,42,Deportivo de La Coruña,0,79,74,74,37,12/03/2016,20:30,29,2
Rayo Vallecano,1,75,75,74,36,Eibar,1,74,73,72,40,12/03/2016,22:00,29,1
Levante,1,76,75,73,26,Valencia,0,79,80,79,33,13/03/2016,12:00,29,2
Sevilla,4,79,80,80,39,Villarreal,2,79,79,79,33,13/03/2016,16:00,29,2
Athletic Club,3,78,78,78,44,Betis,1,77,75,75,26,13/03/2016,18:15,29,2
Las Palmas,1,73,71,70,30,Real Madrid,2,86,86,83,72,13/03/2016,20:30,29,0
Granada,1,73,73,74,29,Espanyol,1,76,75,74,28,14/03/2016,20:30,29,1
Getafe,1,73,75,74,27,Eibar,1,74,73,72,41,18/03/2016,20:30,30,1
Sporting de Gijón,2,73,74,73,30,Atlético de Madrid,1,81,80,81,45,19/03/2016,16:00,30,2
Real Sociedad,0,77,77,76,37,Las Palmas,1,73,71,70,31,19/03/2016,18:15,30,0
Granada,2,73,73,74,30,Rayo Vallecano,2,75,75,74,37,19/03/2016,18:15,30,1
Deportivo de La Coruña,2,79,74,74,37,Levante,1,76,75,73,27,19/03/2016,20:30,30,2
Betis,0,77,75,75,27,Málaga,1,75,76,75,28,19/03/2016,22:05,30,0
Espanyol,2,76,75,74,29,Athletic Club,1,78,78,78,47,20/03/2016,12:00,30,2
Villarreal,2,79,79,79,35,Barcelona,2,91,85,82,84,20/03/2016,16:00,30,1
Valencia,0,79,80,79,33,Celta de Vigo,2,77,76,76,41,20/03/2016,18:15,30,0
Real Madrid,4,86,86,83,74,Sevilla,0,79,80,80,43,20/03/2016,20:30,30,2
Rayo Vallecano,2,75,75,74,39,Getafe,0,73,75,74,28,01/04/2016,20:30,31,2
Atlético de Madrid,5,81,80,81,46,Betis,1,77,75,75,27,02/04/2016,16:00,31,2
Las Palmas,2,73,71,70,32,Valencia,1,79,80,79,33,02/04/2016,18:15,31,2
Barcelona,1,91,85,82,86,Real Madrid,2,86,86,83,78,02/04/2016,20:30,31,0
Celta de Vigo,1,77,76,76,43,Deportivo de La Coruña,1,79,74,74,39,02/04/2016,22:05,31,1
Athletic Club,1,78,78,78,48,Granada,1,73,73,74,32,03/04/2016,12:00,31,1
Málaga,1,75,76,75,29,Espanyol,1,76,75,74,31,03/04/2016,16:00,31,1
Eibar,1,74,73,72,42,Villarreal,2,79,79,79,37,03/04/2016,18:15,31,0
Sevilla,1,79,80,80,43,Real Sociedad,2,77,77,76,37,03/04/2016,20:30,31,0
Levante,0,76,75,73,28,Sporting de Gijón,0,73,74,73,32,04/04/2016,20:30,31,1
Granada,0,73,73,74,33,Málaga,0,75,76,75,30,08/04/2016,20:30,32,1
Real Madrid,4,86,86,83,80,Eibar,0,74,73,72,43,09/04/2016,16:00,32,2
Espanyol,1,76,75,74,32,Atlético de Madrid,3,81,80,81,51,09/04/2016,18:15,32,0
Real Sociedad,1,77,77,76,39,Barcelona,0,91,85,82,87,09/04/2016,20:30,32,2
Betis,1,77,75,75,28,Levante,0,76,75,73,28,09/04/2016,22:05,32,2
Sporting de Gijón,0,73,74,73,32,Celta de Vigo,1,77,76,76,44,10/04/2016,12:00,32,0
Valencia,2,79,80,79,34,Sevilla,1,79,80,80,44,10/04/2016,16:00,32,2
Villarreal,2,79,79,79,39,Getafe,0,73,75,74,28,10/04/2016,18:15,32,2
Athletic Club,1,78,78,78,49,Rayo Vallecano,0,75,75,74,41,10/04/2016,20:30,32,2
Deportivo de La Coruña,1,79,74,74,40,Las Palmas,3,73,71,70,34,11/04/2016,20:30,32,0
Levante,2,76,75,73,28,Espanyol,1,76,75,74,33,15/04/2016,20:30,33,2
Getafe,1,73,75,74,28,Real Madrid,5,86,86,83,84,16/04/2016,16:00,33,0
Las Palmas,1,73,71,70,37,Sporting de Gijón,1,73,74,73,32,16/04/2016,18:15,33,1
Eibar,2,74,73,72,43,Real Sociedad,1,77,77,76,40,16/04/2016,20:30,33,2
Celta de Vigo,1,77,76,76,45,Betis,1,77,75,75,29,16/04/2016,22:05,33,1
Málaga,0,75,76,75,30,Athletic Club,1,78,78,78,50,17/04/2016,12:00,33,0
Sevilla,1,79,80,80,45,Deportivo de La Coruña,1,79,74,74,41,17/04/2016,16:00,33,1
Atlético de Madrid,3,81,80,81,54,Granada,0,73,73,74,33,17/04/2016,18:15,33,2
Rayo Vallecano,2,75,75,74,41,Villarreal,1,79,79,79,41,17/04/2016,18:15,33,2
Barcelona,1,91,85,82,87,Valencia,2,79,80,79,36,17/04/2016,20:30,33,0
Espanyol,1,76,75,74,34,Celta de Vigo,1,77,76,76,46,19/04/2016,20:00,34,1
Betis,1,77,75,75,30,Las Palmas,0,73,71,70,38,19/04/2016,21:00,34,2
Deportivo de La Coruña,0,79,74,74,42,Barcelona,8,91,85,82,88,20/04/2016,20:00,34,0
Valencia,4,79,80,79,38,Eibar,0,74,73,72,45,20/04/2016,20:45,34,2
Sporting de Gijón,2,73,74,73,33,Sevilla,1,79,80,80,46,20/04/2016,20:45,34,2
Athletic Club,0,78,78,78,51,Atlético de Madrid,1,81,80,81,57,20/04/2016,20:45,34,0
Málaga,1,75,76,75,30,Rayo Vallecano,1,75,75,74,43,20/04/2016,20:45,34,1
Real Madrid,3,86,86,83,89,Villarreal,0,79,79,79,42,20/04/2016,22:00,34,2
Real Sociedad,1,77,77,76,41,Getafe,2,73,75,74,29,21/04/2016,20:30,34,0
Granada,5,73,73,74,33,Levante,1,76,75,73,30,21/04/2016,21:00,34,2
Las Palmas,4,73,71,70,38,Espanyol,0,76,75,74,35,22/04/2016,21:00,35,2
Rayo Vallecano,2,75,75,74,44,Real Madrid,3,86,86,83,92,23/04/2016,16:00,35,0
Atlético de Madrid,1,81,80,81,58,Málaga,0,75,76,75,31,23/04/2016,18:15,35,2
Barcelona,6,91,85,82,96,Sporting de Gijón,0,73,74,73,35,23/04/2016,20:30,35,2
Eibar,1,74,73,72,45,Deportivo de La Coruña,1,79,74,74,42,23/04/2016,22:05,35,1
Levante,2,76,75,73,31,Athletic Club,2,78,78,78,51,24/04/2016,12:00,35,1
Sevilla,2,79,80,80,47,Betis,0,77,75,75,31,24/04/2016,16:00,35,2
Getafe,2,73,75,74,31,Valencia,2,79,80,79,42,24/04/2016,18:15,35,1
Villarreal,0,79,79,79,42,Real Sociedad,0,77,77,76,42,24/04/2016,20:30,35,1
Celta de Vigo,2,77,76,76,47,Granada,1,73,73,74,38,25/04/2016,20:30,35,2
Sporting de Gijón,2,73,74,73,35,Eibar,0,74,73,72,46,29/04/2016,20:30,36,2
Real Sociedad,0,77,77,76,42,Real Madrid,1,86,86,83,95,30/04/2016,16:00,36,0
Atlético de Madrid,1,81,80,81,59,Rayo Vallecano,0,75,75,74,46,30/04/2016,18:15,36,2
Betis,0,77,75,75,31,Barcelona,2,91,85,82,102,30/04/2016,20:30,36,0
Granada,3,73,73,74,39,Las Palmas,2,73,71,70,42,30/04/2016,22:05,36,2
Athletic Club,2,78,78,78,53,Celta de Vigo,1,77,76,76,49,01/05/2016,12:00,36,2
Espanyol,1,76,75,74,35,Sevilla,0,79,80,80,49,01/05/2016,16:00,36,2
Deportivo de La Coruña,0,79,74,74,43,Getafe,2,73,75,74,33,01/05/2016,18:15,36,0
Valencia,0,79,80,79,44,Villarreal,2,79,79,79,42,01/05/2016,20:30,36,0
Málaga,3,75,76,75,31,Levante,1,76,75,73,33,02/05/2016,20:30,36,2
Eibar,1,74,73,72,46,Betis,1,77,75,75,31,08/05/2016,17:00,37,1
Villarreal,0,79,79,79,44,Deportivo de La Coruña,2,79,74,74,43,08/05/2016,17:00,37,0
Barcelona,5,91,85,82,104,Espanyol,0,76,75,74,36,08/05/2016,17:00,37,2
Sevilla,1,79,80,80,49,Granada,4,73,73,74,42,08/05/2016,17:00,37,0
Las Palmas,0,73,71,70,44,Athletic Club,0,78,78,78,55,08/05/2016,17:00,37,1
Celta de Vigo,1,77,76,76,50,Málaga,0,75,76,75,34,08/05/2016,17:00,37,2
Real Madrid,3,86,86,83,96,Valencia,2,79,80,79,44,08/05/2016,17:00,37,2
Getafe,1,73,75,74,35,Sporting de Gijón,1,73,74,73,37,08/05/2016,17:00,37,1
Levante,2,76,75,73,34,Atlético de Madrid,1,81,80,81,60,08/05/2016,17:00,37,2
Real Sociedad,2,77,77,76,42,Rayo Vallecano,1,75,75,74,46,08/05/2016,17:00,37,2
Valencia,0,79,80,79,46,Real Sociedad,1,77,77,76,44,13/05/2016,20:30,38,0
Deportivo de La Coruña,0,79,74,74,45,Real Madrid,2,86,86,83,99,14/05/2016,17:00,38,0
Granada,0,73,73,74,46,Barcelona,3,91,85,82,109,14/05/2016,17:00,38,0
Atlético de Madrid,2,81,80,81,61,Celta de Vigo,0,77,76,76,51,14/05/2016,19:30,38,2
Athletic Club,3,78,78,78,55,Sevilla,1,79,80,80,50,14/05/2016,19:30,38,2
Málaga,4,75,76,75,34,Las Palmas,1,73,71,70,44,15/05/2016,12:00,38,2
Espanyol,4,76,75,74,36,Eibar,2,74,73,72,47,15/05/2016,19:00,38,2
Sporting de Gijón,2,73,74,73,38,Villarreal,0,79,79,79,44,15/05/2016,19:30,38,2
Betis,2,77,75,75,32,Getafe,1,73,75,74,36,15/05/2016,19:30,38,2
Rayo Vallecano,3,75,75,74,47,Levante,1,76,75,73,36,15/05/2016,19:30,38,2
